{
  "geqo::JOB (full)": {
    "name": "JOB (full)",
    "base": "geqo",
    "n": 113,
    "point": 1.1254341729075106,
    "seed_mean": 1.1253807995485146,
    "seed_sd": 0.03307764809317849,
    "seed_sp": [
      1.0883941660426504,
      1.1356204801449816,
      1.152127752457912
    ],
    "ci_agg": [
      1.0463350556191175,
      1.2324871625044875
    ],
    "gm": 1.0878590752044073,
    "ci_gm": [
      1.0118952474187408,
      1.1805522834579547
    ],
    "wilcoxon_p": 0.004627250144635077,
    "win": 45,
    "tie": 45,
    "loss": 23
  },
  "geqo::JOB rels>=12": {
    "name": "JOB rels>=12",
    "base": "geqo",
    "n": 20,
    "point": 1.4699586290021869,
    "seed_mean": 1.4884954063936175,
    "seed_sd": 0.34149564622536166,
    "seed_sp": [
      1.3227314114446589,
      1.8812338220278608,
      1.2615209857083325
    ],
    "ci_agg": [
      1.1710458684547433,
      1.8238502882442642
    ],
    "gm": 1.1331056843677998,
    "ci_gm": [
      0.9466462448726297,
      1.3368580808729211
    ],
    "wilcoxon_p": 0.039989471435546875,
    "win": 12,
    "tie": 2,
    "loss": 6
  },
  "geqo::JOB-Complex (n=29)": {
    "name": "JOB-Complex (n=29)",
    "base": "geqo",
    "n": 29,
    "point": 1.0880906210228976,
    "seed_mean": 1.0895691877692204,
    "seed_sd": 0.04897817493043024,
    "seed_sp": [
      1.1139324392625067,
      1.0331870461656103,
      1.1215880778795442
    ],
    "ci_agg": [
      0.9751633727404302,
      1.2476710561409567
    ],
    "gm": 1.1571140670572935,
    "ci_gm": [
      0.9927251685153435,
      1.3870524837471736
    ],
    "wilcoxon_p": 0.13159068673849106,
    "win": 10,
    "tie": 14,
    "loss": 5
  },
  "geqo::JOB-Complex rels>=12": {
    "name": "JOB-Complex rels>=12",
    "base": "geqo",
    "n": 12,
    "point": 1.1454379106226613,
    "seed_mean": 1.1726450608457497,
    "seed_sd": 0.17593493366869012,
    "seed_sp": [
      1.3743876849041876,
      1.051084715162969,
      1.0924627824700923
    ],
    "ci_agg": [
      0.8580078576419904,
      1.5470736168436996
    ],
    "gm": 1.1671286000442247,
    "ci_gm": [
      0.9009138701726266,
      1.5182185579715493
    ],
    "wilcoxon_p": 0.2333984375,
    "win": 7,
    "tie": 2,
    "loss": 3
  },
  "geqo::JOB+JOBc rels>=12": {
    "name": "JOB+JOBc rels>=12",
    "base": "geqo",
    "n": 32,
    "point": 1.2536776570280024,
    "seed_mean": 1.2623487613707634,
    "seed_sd": 0.10424088215318998,
    "seed_sp": [
      1.3535678404016298,
      1.2847500388453184,
      1.1487284048653421
    ],
    "ci_agg": [
      1.0177362814292774,
      1.5448558698156405
    ],
    "gm": 1.1457464708136496,
    "ci_gm": [
      0.9923450191284505,
      1.3191616681891172
    ],
    "wilcoxon_p": 0.013997930567711592,
    "win": 19,
    "tie": 4,
    "loss": 9
  },
  "geqo::IMDb-CEB (200)": {
    "name": "IMDb-CEB (200)",
    "base": "geqo",
    "n": 200,
    "point": 1.0620123381236584,
    "seed_mean": 1.062732825840051,
    "seed_sd": 0.052276245598700984,
    "seed_sp": [
      1.0932438150360473,
      1.0925840436871763,
      1.0023706187969295
    ],
    "ci_agg": [
      1.0197089118838458,
      1.1059644421519264
    ],
    "gm": 1.0559982800847685,
    "ci_gm": [
      1.0176207042340206,
      1.0945471605582537
    ],
    "wilcoxon_p": 4.6425765497357184e-05,
    "win": 68,
    "tie": 103,
    "loss": 29
  },
  "geqo::IMDb-CEB rels>=12": {
    "name": "IMDb-CEB rels>=12",
    "base": "geqo",
    "n": 57,
    "point": 1.165681851435834,
    "seed_mean": 1.1714466569479547,
    "seed_sd": 0.14223266040319876,
    "seed_sp": [
      1.2538620575278847,
      1.2532670266087491,
      1.0072108867072305
    ],
    "ci_agg": [
      1.083607483251986,
      1.2593846287963657
    ],
    "gm": 1.1485880079165762,
    "ci_gm": [
      1.0679319749448197,
      1.2411831931957527
    ],
    "wilcoxon_p": 0.0010476845128120377,
    "win": 28,
    "tie": 16,
    "loss": 13
  },
  "geqo::IMDb-CEB rels>=14": {
    "name": "IMDb-CEB rels>=14",
    "base": "geqo",
    "n": 28,
    "point": 1.3195114914131298,
    "seed_mean": 1.323735907141413,
    "seed_sd": 0.10528195477752868,
    "seed_sp": [
      1.3337135012885892,
      1.4236738736367698,
      1.21382034649888
    ],
    "ci_agg": [
      1.1857615813102726,
      1.4781530817528903
    ],
    "gm": 1.3346392330710661,
    "ci_gm": [
      1.1820980123398175,
      1.5117727634303688
    ],
    "wilcoxon_p": 4.2110681533813477e-05,
    "win": 19,
    "tie": 5,
    "loss": 4
  },
  "dp::JOB (full)": {
    "name": "JOB (full)",
    "base": "dp",
    "n": 113,
    "point": 1.1383052907118967,
    "seed_mean": 1.1383752478317375,
    "seed_sd": 0.007939522454670937,
    "seed_sp": [
      1.1410453546906096,
      1.1446355162407673,
      1.1294448725638355
    ],
    "ci_agg": [
      1.0379323406824357,
      1.272598649055524
    ],
    "gm": 1.0862803925313353,
    "ci_gm": [
      1.0032747630111656,
      1.185174913144841
    ],
    "wilcoxon_p": 0.19191442278409487,
    "win": 42,
    "tie": 48,
    "loss": 23
  },
  "dp::JOB rels>=12": {
    "name": "JOB rels>=12",
    "base": "dp",
    "n": 20,
    "point": 1.4007665507878901,
    "seed_mean": 1.4075086994752268,
    "seed_sd": 0.10815480053282897,
    "seed_sp": [
      1.425296137267209,
      1.5056671462317495,
      1.2915628149267215
    ],
    "ci_agg": [
      1.132248382742293,
      1.8543415569402641
    ],
    "gm": 1.2575711269759704,
    "ci_gm": [
      1.029889961073994,
      1.5367126160156204
    ],
    "wilcoxon_p": 0.021484375,
    "win": 13,
    "tie": 2,
    "loss": 5
  },
  "dp::JOB-Complex (n=29)": {
    "name": "JOB-Complex (n=29)",
    "base": "dp",
    "n": 29,
    "point": 1.1604550838590242,
    "seed_mean": 1.1638291530653704,
    "seed_sd": 0.07299000246029762,
    "seed_sp": [
      1.241736799481121,
      1.0970304123387982,
      1.152720247376192
    ],
    "ci_agg": [
      1.0359370484344124,
      1.34768148675763
    ],
    "gm": 1.1695156778805869,
    "ci_gm": [
      1.05534519726276,
      1.3177582857752346
    ],
    "wilcoxon_p": 0.09195835143327713,
    "win": 13,
    "tie": 12,
    "loss": 4
  },
  "dp::JOB-Complex rels>=12": {
    "name": "JOB-Complex rels>=12",
    "base": "dp",
    "n": 12,
    "point": 1.4706511634223554,
    "seed_mean": 1.5273445562081367,
    "seed_sd": 0.36659140179157235,
    "seed_sp": [
      1.9458858768254943,
      1.2632411678128597,
      1.3729066239860566
    ],
    "ci_agg": [
      1.1861580137550112,
      1.7720760742291113
    ],
    "gm": 1.3144351231427032,
    "ci_gm": [
      1.0987723136204084,
      1.6081203026929038
    ],
    "wilcoxon_p": 0.02685546875,
    "win": 8,
    "tie": 3,
    "loss": 1
  },
  "dp::JOB+JOBc rels>=12": {
    "name": "JOB+JOBc rels>=12",
    "base": "dp",
    "n": 32,
    "point": 1.447342042245249,
    "seed_mean": 1.4711253527911197,
    "seed_sd": 0.22955616923180608,
    "seed_sp": [
      1.736064364328615,
      1.3314777583817385,
      1.3458339356630058
    ],
    "ci_agg": [
      1.2315682386578177,
      1.6820228616343926
    ],
    "gm": 1.2786009766536077,
    "ci_gm": [
      1.1078932497426706,
      1.480544180578765
    ],
    "wilcoxon_p": 0.0013326280750334263,
    "win": 21,
    "tie": 5,
    "loss": 6
  },
  "dp::IMDb-CEB (200)": {
    "name": "IMDb-CEB (200)",
    "base": "dp",
    "n": 200,
    "point": 1.153560070583062,
    "seed_mean": 1.1541087173502154,
    "seed_sd": 0.03134106590738623,
    "seed_sp": [
      1.1510586128366391,
      1.1868633238634017,
      1.124404215350605
    ],
    "ci_agg": [
      1.077595091880524,
      1.2365026507222459
    ],
    "gm": 1.1043828443596855,
    "ci_gm": [
      1.0560497108495668,
      1.157526305343463
    ],
    "wilcoxon_p": 0.00042728530329671415,
    "win": 69,
    "tie": 98,
    "loss": 33
  },
  "dp::IMDb-CEB rels>=12": {
    "name": "IMDb-CEB rels>=12",
    "base": "dp",
    "n": 57,
    "point": 1.287810495081323,