{
  "outcomes": {
    "job": {
      "dp": {
        "better": 42,
        "same": 48,
        "worse": 23,
        "n": 113
      },
      "geqo": {
        "better": 44,
        "same": 46,
        "worse": 23,
        "n": 113
      }
    },
    "jobcomplex": {
      "dp": {
        "better": 12,
        "same": 13,
        "worse": 4,
        "n": 29
      },
      "geqo": {
        "better": 10,
        "same": 14,
        "worse": 5,
        "n": 29
      }
    },
    "imdb-ceb": {
      "dp": {
        "better": 0,
        "same": 0,
        "worse": 0,
        "n": 0
      },
      "geqo": {
        "better": 0,
        "same": 0,
        "worse": 0,
        "n": 0
      }
    }
  },
  "headline": {
    "JOB": {
      "n": 113,
      "e2e": {
        "dp": 4075.382095666667,
        "geqo": 4029.300676666667,
        "mcts": 3580.218882333333,
        "vs_geqo": 1.1254341729075108,
        "vs_dp": 1.138305290711897
      },
      "exec": {
        "dp": 4051.7422323333335,
        "geqo": 4013.417888666667,
        "mcts": 3565.823279333333,
        "vs_geqo": 1.1255234974563901,
        "vs_dp": 1.1362711819781626
      },
      "plan": {
        "dp": 209.2023303834808,
        "geqo": 140.55564601769913,
        "mcts": 127.3947168141593,
        "vs_geqo": 1.1033082810077495,
        "vs_dp": 1.6421586044942564
      }
    },
    "JOB-Complex": {
      "n": 29,
      "e2e": {
        "dp": 2096.243642,
        "geqo": 1965.524627333333,
        "mcts": 1806.3979133333332,
        "vs_geqo": 1.0880906210228976,
        "vs_dp": 1.1604550838590244
      },
      "exec": {
        "dp": 2086.9548449999998,
        "geqo": 1960.638481,
        "mcts": 1801.8266293333334,
        "vs_geqo": 1.0881393631780356,
        "vs_dp": 1.1582439792069021
      },
      "plan": {
        "dp": 320.3033448275862,
        "geqo": 168.48780459770114,
        "mcts": 157.6304827586207,
        "vs_geqo": 1.068878313693337,
        "vs_dp": 2.031988605389645
      }
    },
    "JOB rels>=12": {
      "n": 20,
      "e2e": {
        "dp": 443.46323566666666,
        "geqo": 465.3684866666666,
        "mcts": 316.5861116666666,
        "vs_geqo": 1.4699586290021873,
        "vs_dp": 1.4007665507878908
      },
      "exec": {
        "dp": 430.55874666666676,
        "geqo": 461.91089466666665,
        "mcts": 313.0456613333333,
        "vs_geqo": 1.4755384013286819,
        "vs_dp": 1.3753864047590316
      },
      "plan": {
        "dp": 645.2244499999999,
        "geqo": 172.8796,
        "mcts": 177.0225166666667,
        "vs_geqo": 0.9765966683522651,
        "vs_dp": 3.6448722012858807
      }
    },
    "JOB-Complex rels>=12": {
      "n": 12,
      "e2e": {
        "dp": 930.3215396666667,
        "geqo": 724.594375,
        "mcts": 632.5915776666667,
        "vs_geqo": 1.1454379106226618,
        "vs_dp": 1.4706511634223554
      },
      "exec": {
        "dp": 923.2260069999999,
        "geqo": 722.2092949999999,
        "mcts": 630.1331813333334,
        "vs_geqo": 1.1461216714089515,
        "vs_dp": 1.465128379760125
      },
      "plan": {
        "dp": 591.294388888889,
        "geqo": 198.75666666666666,
        "mcts": 204.86636111111113,
        "vs_geqo": 0.9701771710528366,
        "vs_dp": 2.8862444067535087
      }
    },
    "IMDb-CEB (200)": {
      "n": 0,
      "e2e": {
        "dp": NaN,
        "geqo": NaN,
        "mcts": NaN,
        "vs_geqo": NaN,
        "vs_dp": NaN
      },
      "exec": {
        "dp": NaN,
        "geqo": NaN,
        "mcts": NaN,
        "vs_geqo": NaN,
        "vs_dp": NaN
      },
      "plan": {
        "dp": NaN,
        "geqo": NaN,
        "mcts": NaN,
        "vs_geqo": NaN,
        "vs_dp": NaN
      }
    },
    "IMDb-CEB rels>=12": {
      "n": 0,
      "e2e": {
        "dp": NaN,
        "geqo": NaN,
        "mcts": NaN,
        "vs_geqo": NaN,
        "vs_dp": NaN
      },
      "exec": {
        "dp": NaN,
        "geqo": NaN,
        "mcts": NaN,
        "vs_geqo": NaN,
        "vs_dp": NaN
      },
      "plan": {
        "dp": NaN,
        "geqo": NaN,
        "mcts": NaN,
        "vs_geqo": NaN,
        "vs_dp": NaN
      }
    },
    "IMDb-CEB rels>=14": {
      "n": 0,
      "e2e": {
        "dp": NaN,
        "geqo": NaN,
        "mcts": NaN,
        "vs_geqo": NaN,
        "vs_dp": NaN
      },
      "exec": {
        "dp": NaN,
        "geqo": NaN,
        "mcts": NaN,
        "vs_geqo": NaN,
        "vs_dp": NaN
      },
      "plan": {
        "dp": NaN,
        "geqo": NaN,
        "mcts": NaN,
        "vs_geqo": NaN,
        "vs_dp": NaN
      }
    }
  },
  "primary": {
    "job": {
      "dp": {
        "median": 1.0022417510987798,
        "mean": 1.271345056788604,
        "n": 113
      },
      "geqo": {
        "median": 1.0214904960566815,
        "mean": 1.249902141689896,
        "n": 113
      }
    },
    "jobcomplex": {
      "dp": {
        "median": 1.0146891300284078,
        "mean": 1.241664464884009,
        "n": 29
      },
      "geqo": {
        "median": 1.0336622359580876,
        "mean": 1.336881748814006,
        "n": 29
      }
    },
    "imdb-ceb": {
      "dp": {
        "median": NaN,
        "mean": NaN,
        "n": 0
      },
      "geqo": {
        "median": NaN,
        "mean": NaN,
        "n": 0
      }
    }
  },
  "ceb_buckets": {
    "9-10": {
      "n": 0,
      "vs_dp": NaN,
      "vs_geqo": NaN
    },
    "11-12": {
      "n": 0,
      "vs_dp": NaN,
      "vs_geqo": NaN
    },
    "14-16": {
      "n": 0,
      "vs_dp": NaN,
      "vs_geqo": NaN
    }
  },
  "ceb_rel_dist": {},
  "combined_ge12": {
    "n": 32,
    "vs_geqo": 1.2536776570280026,
    "vs_dp": 1.4473420422452492
  },
  "ceb_ge14_geomean_exec": {
    "vs_dp": NaN,
    "vs_geqo": NaN
  },
  "plan_fraction": {
    "job": 0.004020872319018094,
    "jobcomplex": 0.0025306074405082994,
    "imdb-ceb": NaN
  },
  "winners": {
    "job": {
      "dp": 61,
      "geqo": 52,
      "mcts": 79,
      "n": 113
    },
    "jobcomplex": {
      "dp": 14,
      "geqo": 17,
      "mcts": 23,
      "n": 29
    },
    "imdb-ceb": {
      "dp": 0,
      "geqo": 0,
      "mcts": 0,
      "n": 0
    }
  },
  "q12": {
    "mcts": {
      "timeouts": 3,
      "n": 3
    },
    "geqo": {
      "timeouts": 1,
      "n": 3
    },
    "dp": {
      "timeouts": 0,
      "n": 3
    }
  },
  "ablation": {
    "full": {
      "n_total": 200,
      "rows": [
        {
          "reward": "neg_log",
          "agg": "best",
          "kernels": 1,
          "depth": 10,
          "top_k": 9,
          "cost": 45597401.986666664,
          "plan_ms": 33690.925,
          "exec_ms": 7014275.322333334,
          "e2e_ms": 7047966.247333333,
          "iters": 85394.33333333334,
          "n_queries": 200,
          "timeouts": 0
        },
        {
          "reward": "neg_log",
          "agg": "best",
          "kernels": 1,
          "depth": 10,
          "top_k": 10,
          "cost": 45620248.55333333,
          "plan_ms": 33883.183,
          "exec_ms": 7103187.415333333,
          "e2e_ms": 7137070.598333334,
          "iters": 85715.66666666667,
          "n_queries": 200,
          "timeouts": 0
        },
        {
          "reward": "neg_log",
          "agg": "best",
          "kernels": 1,
          "depth": 10,
          "top_k": 12,
          "cost": 45625326.56333333,
          "plan_ms": 33868.79666666667,
          "exec_ms": 7131940.410999999,
          "e2e_ms": 7165809.207666667,
          "iters": 86209.33333333333,
          "n_queries": 200,
          "timeouts": 0
        },
        {
          "reward": "neg_log",
          "agg": "average",
          "kernels": 1,
          "depth": 10,
          "top_k": 10,
          "cost": 46191082.03,
          "plan_ms": 35297.687333333335,
          "exec_ms": 7139963.829666667,
          "e2e_ms": 7175261.516999999,
          "iters": 83879.33333333334,
          "n_queries": 200,